<?xml version="1.0" encoding="UTF-8" ?>
<!DOCTYPE mapper PUBLIC "-//mybatis.org//DTD Mapper 3.0//EN" "http://mybatis.org/dtd/mybatis-3-mapper.dtd" >
<mapper namespace="com.itheima.hchat.mapper.TbChatRecordMapper" >
  <resultMap id="BaseResultMap" type="com.itheima.hchat.pojo.TbChatRecord" >
    <id column="id" property="id" jdbcType="VARCHAR" />
    <result column="userid" property="userid" jdbcType="VARCHAR" />
    <result column="friendid" property="friendid" jdbcType="VARCHAR" />
    <result column="has_read" property="hasRead" jdbcType="INTEGER" />
    <result column="createtime" property="createtime" jdbcType="DATE" />
    <result column="has_delete" property="hasDelete" jdbcType="INTEGER" />
    <result column="message" property="message" jdbcType="VARCHAR" />
  </resultMap>
  <sql id="Example_Where_Clause" >
    <where >
      <foreach collection="oredCriteria" item="criteria" separator="or" >
        <if test="criteria.valid" >
          <trim prefix="(" suffix=")" prefixOverrides="and" >
            <foreach collection="criteria.criteria" item="criterion" >
              <choose >
                <when test="criterion.noValue" >
                  and ${criterion.condition}
                </when>
                <when test="criterion.singleValue" >
                  and ${criterion.condition} #{criterion.value}
                </when>
                <when test="criterion.betweenValue" >
                  and ${criterion.condition} #{criterion.value} and #{criterion.secondValue}
                </when>
                <when test="criterion.listValue" >
                  and ${criterion.condition}
                  <foreach collection="criterion.value" item="listItem" open="(" close=")" separator="," >
                    #{listItem}
                  </foreach>
                </when>
              </choose>
            </foreach>
          </trim>
        </if>
      </foreach>
    </where>
  </sql>
  <sql id="Update_By_Example_Where_Clause" >
    <where >
      <foreach collection="example.oredCriteria" item="criteria" separator="or" >
        <if test="criteria.valid" >
          <trim prefix="(" suffix=")" prefixOverrides="and" >
            <foreach collection="criteria.criteria" item="criterion" >
              <choose >
                <when test="criterion.noValue" >
                  and ${criterion.condition}
                </when>
                <when test="criterion.singleValue" >
                  and ${criterion.condition} #{criterion.value}
                </when>
                <when test="criterion.betweenValue" >
                  and ${criterion.condition} #{criterion.value} and #{criterion.secondValue}
                </when>
                <when test="criterion.listValue" >
                  and ${criterion.condition}
                  <foreach collection="criterion.value" item="listItem" open="(" close=")" separator="," >
                    #{listItem}
                  </foreach>
                </when>
              </choose>
            </foreach>
          </trim>
        </if>
      </foreach>
    </where>
  </sql>
  <sql id="Base_Column_List" >
    id, userid, friendid, has_read, createtime, has_delete, message
  </sql>
  <select id="selectByExample" resultMap="BaseResultMap" parameterType="com.itheima.hchat.pojo.TbChatRecordExample" >
    select
    <if test="distinct" >
      distinct
    </if>
    <include refid="Base_Column_List" />
    from tb_chat_record
    <if test="_parameter != null" >
      <include refid="Example_Where_Clause" />
    </if>
    <if test="orderByClause != null" >
      order by ${orderByClause}
    </if>
  </select>
  <select id="selectByPrimaryKey" resultMap="BaseResultMap" parameterType="java.lang.String" >
    select 
    <include refid="Base_Column_List" />
    from tb_chat_record
    where id = #{id,jdbcType=VARCHAR}
  </select>
  <delete id="deleteByPrimaryKey" parameterType="java.lang.String" >
    delete from tb_chat_record
    where id = #{id,jdbcType=VARCHAR}
  </delete>
  <delete id="deleteByExample" parameterType="com.itheima.hchat.pojo.TbChatRecordExample" >
    delete from tb_chat_record
    <if test="_parameter != null" >
      <include refid="Example_Where_Clause" />
    </if>
  </delete>
  <insert id="insert" parameterType="com.itheima.hchat.pojo.TbChatRecord" >
    insert into tb_chat_record (id, userid, friendid, 
      has_read, createtime, has_delete, 
      message)
    values (#{id,jdbcType=VARCHAR}, #{userid,jdbcType=VARCHAR}, #{friendid,jdbcType=VARCHAR}, 
      #{hasRead,jdbcType=INTEGER}, #{createtime,jdbcType=DATE}, #{hasDelete,jdbcType=INTEGER}, 
      #{message,jdbcType=VARCHAR})
  </insert>
  <insert id="insertSelective" parameterType="com.itheima.hchat.pojo.TbChatRecord" >
    insert into tb_chat_record
    <trim prefix="(" suffix=")" suffixOverrides="," >
      <if test="id != null" >
        id,
      </if>
      <if test="userid != null" >
        userid,
      </if>
      <if test="friendid != null" >
        friendid,
      </if>
      <if test="hasRead != null" >
        has_read,
      </if>
      <if test="createtime != null" >
        createtime,
      </if>
      <if test="hasDelete != null" >
        has_delete,
      </if>
      <if test="message != null" >
        message,
      </if>
    </trim>
    <trim prefix="values (" suffix=")" suffixOverrides="," >
      <if test="id != null" >
        #{id,jdbcType=VARCHAR},
      </if>
      <if test="userid != null" >
        #{userid,jdbcType=VARCHAR},
      </if>
      <if test="friendid != null" >
        #{friendid,jdbcType=VARCHAR},
      </if>
      <if test="hasRead != null" >
        #{hasRead,jdbcType=INTEGER},
      </if>
      <if test="createtime != null" >
        #{createtime,jdbcType=DATE},
      </if>
      <if test="hasDelete != null" >
        #{hasDelete,jdbcType=INTEGER},
      </if>
      <if test="message != null" >
        #{message,jdbcType=VARCHAR},
      </if>
    </trim>
  </insert>
  <select id="countByExample" parameterType="com.itheima.hchat.pojo.TbChatRecordExample" resultType="java.lang.Integer" >
    select count(*) from tb_chat_record
    <if test="_parameter != null" >
      <include refid="Example_Where_Clause" />
    </if>
  </select>
  <update id="updateByExampleSelective" parameterType="map" >
    update tb_chat_record
    <set >
      <if test="record.id != null" >
        id = #{record.id,jdbcType=VARCHAR},
      </if>
      <if test="record.userid != null" >
        userid = #{record.userid,jdbcType=VARCHAR},
      </if>
      <if test="record.friendid != null" >
        friendid = #{record.friendid,jdbcType=VARCHAR},
      </if>
      <if test="record.hasRead != null" >
        has_read = #{record.hasRead,jdbcType=INTEGER},
      </if>
      <if test="record.createtime != null" >
        createtime = #{record.createtime,jdbcType=DATE},
      </if>
      <if test="record.hasDelete != null" >
        has_delete = #{record.hasDelete,jdbcType=INTEGER},
      </if>
      <if test="record.message != null" >
        message = #{record.message,jdbcType=VARCHAR},
      </if>
    </set>
    <if test="_parameter != null" >
      <include refid="Update_By_Example_Where_Clause" />
    </if>
  </update>
  <update id="updateByExample" parameterType="map" >
    update tb_chat_record
    set id = #{record.id,jdbcType=VARCHAR},
      userid = #{record.userid,jdbcType=VARCHAR},
      friendid = #{record.friendid,jdbcType=VARCHAR},
      has_read = #{record.hasRead,jdbcType=INTEGER},
      createtime = #{record.createtime,jdbcType=DATE},
      has_delete = #{record.hasDelete,jdbcType=INTEGER},
      message = #{record.message,jdbcType=VARCHAR}
    <if test="_parameter != null" >
      <include refid="Update_By_Example_Where_Clause" />
    </if>
  </update>
  <update id="updateByPrimaryKeySelective" parameterType="com.itheima.hchat.pojo.TbChatRecord" >
    update tb_chat_record
    <set >
      <if test="userid != null" >
        userid = #{userid,jdbcType=VARCHAR},
      </if>
      <if test="friendid != null" >
        friendid = #{friendid,jdbcType=VARCHAR},
      </if>
      <if test="hasRead != null" >
        has_read = #{hasRead,jdbcType=INTEGER},
      </if>
      <if test="createtime != null" >
        createtime = #{createtime,jdbcType=DATE},
      </if>
      <if test="hasDelete != null" >
        has_delete = #{hasDelete,jdbcType=INTEGER},
      </if>
      <if test="message != null" >
        message = #{message,jdbcType=VARCHAR},
      </if>
    </set>
    where id = #{id,jdbcType=VARCHAR}
  </update>
  <update id="updateByPrimaryKey" parameterType="com.itheima.hchat.pojo.TbChatRecord" >
    update tb_chat_record
    set userid = #{userid,jdbcType=VARCHAR},
      friendid = #{friendid,jdbcType=VARCHAR},
      has_read = #{hasRead,jdbcType=INTEGER},
      createtime = #{createtime,jdbcType=DATE},
      has_delete = #{hasDelete,jdbcType=INTEGER},
      message = #{message,jdbcType=VARCHAR}
    where id = #{id,jdbcType=VARCHAR}
  </update>
</mapper>