<?xml version="1.0" encoding="UTF-8" ?>
<!DOCTYPE mapper PUBLIC "-//mybatis.org//DTD Mapper 3.0//EN" "http://mybatis.org/dtd/mybatis-3-mapper.dtd" >
<mapper namespace="com.itheima.hchat.mapper.TbFriendReqMapper" >
  <resultMap id="BaseResultMap" type="com.itheima.hchat.pojo.TbFriendReq" >
    <id column="id" property="id" jdbcType="VARCHAR" />
    <result column="from_userid" property="fromUserid" jdbcType="VARCHAR" />
    <result column="to_userid" property="toUserid" jdbcType="VARCHAR" />
    <result column="createtime" property="createtime" jdbcType="DATE" />
    <result column="message" property="message" jdbcType="VARCHAR" />
    <result column="status" property="status" jdbcType="INTEGER" />
  </resultMap>
  <sql id="Example_Where_Clause" >
    <where >
      <foreach collection="oredCriteria" item="criteria" separator="or" >
        <if test="criteria.valid" >
          <trim prefix="(" suffix=")" prefixOverrides="and" >
            <foreach collection="criteria.criteria" item="criterion" >
              <choose >
                <when test="criterion.noValue" >
                  and ${criterion.condition}
                </when>
                <when test="criterion.singleValue" >
                  and ${criterion.condition} #{criterion.value}
                </when>
                <when test="criterion.betweenValue" >
                  and ${criterion.condition} #{criterion.value} and #{criterion.secondValue}
                </when>
                <when test="criterion.listValue" >
                  and ${criterion.condition}
                  <foreach collection="criterion.value" item="listItem" open="(" close=")" separator="," >
                    #{listItem}
                  </foreach>
                </when>
              </choose>
            </foreach>
          </trim>
        </if>
      </foreach>
    </where>
  </sql>
  <sql id="Update_By_Example_Where_Clause" >
    <where >
      <foreach collection="example.oredCriteria" item="criteria" separator="or" >
        <if test="criteria.valid" >
          <trim prefix="(" suffix=")" prefixOverrides="and" >
            <foreach collection="criteria.criteria" item="criterion" >
              <choose >
                <when test="criterion.noValue" >
                  and ${criterion.condition}
                </when>
                <when test="criterion.singleValue" >
                  and ${criterion.condition} #{criterion.value}
                </when>
                <when test="criterion.betweenValue" >
                  and ${criterion.condition} #{criterion.value} and #{criterion.secondValue}
                </when>
                <when test="criterion.listValue" >
                  and ${criterion.condition}
                  <foreach collection="criterion.value" item="listItem" open="(" close=")" separator="," >
                    #{listItem}
                  </foreach>
                </when>
              </choose>
            </foreach>
          </trim>
        </if>
      </foreach>
    </where>
  </sql>
  <sql id="Base_Column_List" >
    id, from_userid, to_userid, createtime, message, status
  </sql>
  <select id="selectByExample" resultMap="BaseResultMap" parameterType="com.itheima.hchat.pojo.TbFriendReqExample" >
    select
    <if test="distinct" >
      distinct
    </if>
    <include refid="Base_Column_List" />
    from tb_friend_req
    <if test="_parameter != null" >
      <include refid="Example_Where_Clause" />
    </if>
    <if test="orderByClause != null" >
      order by ${orderByClause}
    </if>
  </select>
  <select id="selectByPrimaryKey" resultMap="BaseResultMap" parameterType="java.lang.String" >
    select 
    <include refid="Base_Column_List" />
    from tb_friend_req
    where id = #{id,jdbcType=VARCHAR}
  </select>
  <delete id="deleteByPrimaryKey" parameterType="java.lang.String" >
    delete from tb_friend_req
    where id = #{id,jdbcType=VARCHAR}
  </delete>
  <delete id="deleteByExample" parameterType="com.itheima.hchat.pojo.TbFriendReqExample" >
    delete from tb_friend_req
    <if test="_parameter != null" >
      <include refid="Example_Where_Clause" />
    </if>
  </delete>
  <insert id="insert" parameterType="com.itheima.hchat.pojo.TbFriendReq" >
    insert into tb_friend_req (id, from_userid, to_userid, 
      createtime, message, status
      )
    values (#{id,jdbcType=VARCHAR}, #{fromUserid,jdbcType=VARCHAR}, #{toUserid,jdbcType=VARCHAR}, 
      #{createtime,jdbcType=DATE}, #{message,jdbcType=VARCHAR}, #{status,jdbcType=INTEGER}
      )
  </insert>
  <insert id="insertSelective" parameterType="com.itheima.hchat.pojo.TbFriendReq" >
    insert into tb_friend_req
    <trim prefix="(" suffix=")" suffixOverrides="," >
      <if test="id != null" >
        id,
      </if>
      <if test="fromUserid != null" >
        from_userid,
      </if>
      <if test="toUserid != null" >
        to_userid,
      </if>
      <if test="createtime != null" >
        createtime,
      </if>
      <if test="message != null" >
        message,
      </if>
      <if test="status != null" >
        status,
      </if>
    </trim>
    <trim prefix="values (" suffix=")" suffixOverrides="," >
      <if test="id != null" >
        #{id,jdbcType=VARCHAR},
      </if>
      <if test="fromUserid != null" >
        #{fromUserid,jdbcType=VARCHAR},
      </if>
      <if test="toUserid != null" >
        #{toUserid,jdbcType=VARCHAR},
      </if>
      <if test="createtime != null" >
        #{createtime,jdbcType=DATE},
      </if>
      <if test="message != null" >
        #{message,jdbcType=VARCHAR},
      </if>
      <if test="status != null" >
        #{status,jdbcType=INTEGER},
      </if>
    </trim>
  </insert>
  <select id="countByExample" parameterType="com.itheima.hchat.pojo.TbFriendReqExample" resultType="java.lang.Integer" >
    select count(*) from tb_friend_req
    <if test="_parameter != null" >
      <include refid="Example_Where_Clause" />
    </if>
  </select>
  <update id="updateByExampleSelective" parameterType="map" >
    update tb_friend_req
    <set >
      <if test="record.id != null" >
        id = #{record.id,jdbcType=VARCHAR},
      </if>
      <if test="record.fromUserid != null" >
        from_userid = #{record.fromUserid,jdbcType=VARCHAR},
      </if>
      <if test="record.toUserid != null" >
        to_userid = #{record.toUserid,jdbcType=VARCHAR},
      </if>
      <if test="record.createtime != null" >
        createtime = #{record.createtime,jdbcType=DATE},
      </if>
      <if test="record.message != null" >
        message = #{record.message,jdbcType=VARCHAR},
      </if>
      <if test="record.status != null" >
        status = #{record.status,jdbcType=INTEGER},
      </if>
    </set>
    <if test="_parameter != null" >
      <include refid="Update_By_Example_Where_Clause" />
    </if>
  </update>
  <update id="updateByExample" parameterType="map" >
    update tb_friend_req
    set id = #{record.id,jdbcType=VARCHAR},
      from_userid = #{record.fromUserid,jdbcType=VARCHAR},
      to_userid = #{record.toUserid,jdbcType=VARCHAR},
      createtime = #{record.createtime,jdbcType=DATE},
      message = #{record.message,jdbcType=VARCHAR},
      status = #{record.status,jdbcType=INTEGER}
    <if test="_parameter != null" >
      <include refid="Update_By_Example_Where_Clause" />
    </if>
  </update>
  <update id="updateByPrimaryKeySelective" parameterType="com.itheima.hchat.pojo.TbFriendReq" >
    update tb_friend_req
    <set >
      <if test="fromUserid != null" >
        from_userid = #{fromUserid,jdbcType=VARCHAR},
      </if>
      <if test="toUserid != null" >
        to_userid = #{toUserid,jdbcType=VARCHAR},
      </if>
      <if test="createtime != null" >
        createtime = #{createtime,jdbcType=DATE},
      </if>
      <if test="message != null" >
        message = #{message,jdbcType=VARCHAR},
      </if>
      <if test="status != null" >
        status = #{status,jdbcType=INTEGER},
      </if>
    </set>
    where id = #{id,jdbcType=VARCHAR}
  </update>
  <update id="updateByPrimaryKey" parameterType="com.itheima.hchat.pojo.TbFriendReq" >
    update tb_friend_req
    set from_userid = #{fromUserid,jdbcType=VARCHAR},
      to_userid = #{toUserid,jdbcType=VARCHAR},
      createtime = #{createtime,jdbcType=DATE},
      message = #{message,jdbcType=VARCHAR},
      status = #{status,jdbcType=INTEGER}
    where id = #{id,jdbcType=VARCHAR}
  </update>
</mapper>