<?xml version="1.0" encoding="UTF-8" ?>
<!DOCTYPE mapper PUBLIC "-//mybatis.org//DTD Mapper 3.0//EN" "http://mybatis.org/dtd/mybatis-3-mapper.dtd" >
<mapper namespace="com.itheima.hchat.mapper.TbFriendMapper" >
  <resultMap id="BaseResultMap" type="com.itheima.hchat.pojo.TbFriend" >
    <id column="id" property="id" jdbcType="VARCHAR" />
    <result column="userid" property="userid" jdbcType="VARCHAR" />
    <result column="friends_id" property="friendsId" jdbcType="VARCHAR" />
    <result column="comments" property="comments" jdbcType="VARCHAR" />
    <result column="createtime" property="createtime" jdbcType="DATE" />
  </resultMap>
  <sql id="Example_Where_Clause" >
    <where >
      <foreach collection="oredCriteria" item="criteria" separator="or" >
        <if test="criteria.valid" >
          <trim prefix="(" suffix=")" prefixOverrides="and" >
            <foreach collection="criteria.criteria" item="criterion" >
              <choose >
                <when test="criterion.noValue" >
                  and ${criterion.condition}
                </when>
                <when test="criterion.singleValue" >
                  and ${criterion.condition} #{criterion.value}
                </when>
                <when test="criterion.betweenValue" >
                  and ${criterion.condition} #{criterion.value} and #{criterion.secondValue}
                </when>
                <when test="criterion.listValue" >
                  and ${criterion.condition}
                  <foreach collection="criterion.value" item="listItem" open="(" close=")" separator="," >
                    #{listItem}
                  </foreach>
                </when>
              </choose>
            </foreach>
          </trim>
        </if>
      </foreach>
    </where>
  </sql>
  <sql id="Update_By_Example_Where_Clause" >
    <where >
      <foreach collection="example.oredCriteria" item="criteria" separator="or" >
        <if test="criteria.valid" >
          <trim prefix="(" suffix=")" prefixOverrides="and" >
            <foreach collection="criteria.criteria" item="criterion" >
              <choose >
                <when test="criterion.noValue" >
                  and ${criterion.condition}
                </when>
                <when test="criterion.singleValue" >
                  and ${criterion.condition} #{criterion.value}
                </when>
                <when test="criterion.betweenValue" >
                  and ${criterion.condition} #{criterion.value} and #{criterion.secondValue}
                </when>
                <when test="criterion.listValue" >
                  and ${criterion.condition}
                  <foreach collection="criterion.value" item="listItem" open="(" close=")" separator="," >
                    #{listItem}
                  </foreach>
                </when>
              </choose>
            </foreach>
          </trim>
        </if>
      </foreach>
    </where>
  </sql>
  <sql id="Base_Column_List" >
    id, userid, friends_id, comments, createtime
  </sql>
  <select id="selectByExample" resultMap="BaseResultMap" parameterType="com.itheima.hchat.pojo.TbFriendExample" >
    select
    <if test="distinct" >
      distinct
    </if>
    <include refid="Base_Column_List" />
    from tb_friend
    <if test="_parameter != null" >
      <include refid="Example_Where_Clause" />
    </if>
    <if test="orderByClause != null" >
      order by ${orderByClause}
    </if>
  </select>
  <select id="selectByPrimaryKey" resultMap="BaseResultMap" parameterType="java.lang.String" >
    select 
    <include refid="Base_Column_List" />
    from tb_friend
    where id = #{id,jdbcType=VARCHAR}
  </select>
  <delete id="deleteByPrimaryKey" parameterType="java.lang.String" >
    delete from tb_friend
    where id = #{id,jdbcType=VARCHAR}
  </delete>
  <delete id="deleteByExample" parameterType="com.itheima.hchat.pojo.TbFriendExample" >
    delete from tb_friend
    <if test="_parameter != null" >
      <include refid="Example_Where_Clause" />
    </if>
  </delete>
  <insert id="insert" parameterType="com.itheima.hchat.pojo.TbFriend" >
    insert into tb_friend (id, userid, friends_id, 
      comments, createtime)
    values (#{id,jdbcType=VARCHAR}, #{userid,jdbcType=VARCHAR}, #{friendsId,jdbcType=VARCHAR}, 
      #{comments,jdbcType=VARCHAR}, #{createtime,jdbcType=DATE})
  </insert>
  <insert id="insertSelective" parameterType="com.itheima.hchat.pojo.TbFriend" >
    insert into tb_friend
    <trim prefix="(" suffix=")" suffixOverrides="," >
      <if test="id != null" >
        id,
      </if>
      <if test="userid != null" >
        userid,
      </if>
      <if test="friendsId != null" >
        friends_id,
      </if>
      <if test="comments != null" >
        comments,
      </if>
      <if test="createtime != null" >
        createtime,
      </if>
    </trim>
    <trim prefix="values (" suffix=")" suffixOverrides="," >
      <if test="id != null" >
        #{id,jdbcType=VARCHAR},
      </if>
      <if test="userid != null" >
        #{userid,jdbcType=VARCHAR},
      </if>
      <if test="friendsId != null" >
        #{friendsId,jdbcType=VARCHAR},
      </if>
      <if test="comments != null" >
        #{comments,jdbcType=VARCHAR},
      </if>
      <if test="createtime != null" >
        #{createtime,jdbcType=DATE},
      </if>
    </trim>
  </insert>
  <select id="countByExample" parameterType="com.itheima.hchat.pojo.TbFriendExample" resultType="java.lang.Integer" >
    select count(*) from tb_friend
    <if test="_parameter != null" >
      <include refid="Example_Where_Clause" />
    </if>
  </select>
  <update id="updateByExampleSelective" parameterType="map" >
    update tb_friend
    <set >
      <if test="record.id != null" >
        id = #{record.id,jdbcType=VARCHAR},
      </if>
      <if test="record.userid != null" >
        userid = #{record.userid,jdbcType=VARCHAR},
      </if>
      <if test="record.friendsId != null" >
        friends_id = #{record.friendsId,jdbcType=VARCHAR},
      </if>
      <if test="record.comments != null" >
        comments = #{record.comments,jdbcType=VARCHAR},
      </if>
      <if test="record.createtime != null" >
        createtime = #{record.createtime,jdbcType=DATE},
      </if>
    </set>
    <if test="_parameter != null" >
      <include refid="Update_By_Example_Where_Clause" />
    </if>
  </update>
  <update id="updateByExample" parameterType="map" >
    update tb_friend
    set id = #{record.id,jdbcType=VARCHAR},
      userid = #{record.userid,jdbcType=VARCHAR},
      friends_id = #{record.friendsId,jdbcType=VARCHAR},
      comments = #{record.comments,jdbcType=VARCHAR},
      createtime = #{record.createtime,jdbcType=DATE}
    <if test="_parameter != null" >
      <include refid="Update_By_Example_Where_Clause" />
    </if>
  </update>
  <update id="updateByPrimaryKeySelective" parameterType="com.itheima.hchat.pojo.TbFriend" >
    update tb_friend
    <set >
      <if test="userid != null" >
        userid = #{userid,jdbcType=VARCHAR},
      </if>
      <if test="friendsId != null" >
        friends_id = #{friendsId,jdbcType=VARCHAR},
      </if>
      <if test="comments != null" >
        comments = #{comments,jdbcType=VARCHAR},
      </if>
      <if test="createtime != null" >
        createtime = #{createtime,jdbcType=DATE},
      </if>
    </set>
    where id = #{id,jdbcType=VARCHAR}
  </update>
  <update id="updateByPrimaryKey" parameterType="com.itheima.hchat.pojo.TbFriend" >
    update tb_friend
    set userid = #{userid,jdbcType=VARCHAR},
      friends_id = #{friendsId,jdbcType=VARCHAR},
      comments = #{comments,jdbcType=VARCHAR},
      createtime = #{createtime,jdbcType=DATE}
    where id = #{id,jdbcType=VARCHAR}
  </update>
</mapper>