<?xml version="1.0" encoding="UTF-8" ?>
<!DOCTYPE mapper PUBLIC "-//mybatis.org//DTD Mapper 3.0//EN" "http://mybatis.org/dtd/mybatis-3-mapper.dtd" >
<mapper namespace="com.itheima.hchat.mapper.TbUserMapper" >
  <resultMap id="BaseResultMap" type="com.itheima.hchat.pojo.TbUser" >
    <id column="id" property="id" jdbcType="VARCHAR" />
    <result column="username" property="username" jdbcType="VARCHAR" />
    <result column="password" property="password" jdbcType="VARCHAR" />
    <result column="pic_small" property="picSmall" jdbcType="VARCHAR" />
    <result column="pic_normal" property="picNormal" jdbcType="VARCHAR" />
    <result column="nickname" property="nickname" jdbcType="VARCHAR" />
    <result column="qrcode" property="qrcode" jdbcType="VARCHAR" />
    <result column="client_id" property="clientId" jdbcType="VARCHAR" />
    <result column="sign" property="sign" jdbcType="VARCHAR" />
    <result column="createtime" property="createtime" jdbcType="DATE" />
    <result column="phone" property="phone" jdbcType="VARCHAR" />
  </resultMap>
  <sql id="Example_Where_Clause" >
    <where >
      <foreach collection="oredCriteria" item="criteria" separator="or" >
        <if test="criteria.valid" >
          <trim prefix="(" suffix=")" prefixOverrides="and" >
            <foreach collection="criteria.criteria" item="criterion" >
              <choose >
                <when test="criterion.noValue" >
                  and ${criterion.condition}
                </when>
                <when test="criterion.singleValue" >
                  and ${criterion.condition} #{criterion.value}
                </when>
                <when test="criterion.betweenValue" >
                  and ${criterion.condition} #{criterion.value} and #{criterion.secondValue}
                </when>
                <when test="criterion.listValue" >
                  and ${criterion.condition}
                  <foreach collection="criterion.value" item="listItem" open="(" close=")" separator="," >
                    #{listItem}
                  </foreach>
                </when>
              </choose>
            </foreach>
          </trim>
        </if>
      </foreach>
    </where>
  </sql>
  <sql id="Update_By_Example_Where_Clause" >
    <where >
      <foreach collection="example.oredCriteria" item="criteria" separator="or" >
        <if test="criteria.valid" >
          <trim prefix="(" suffix=")" prefixOverrides="and" >
            <foreach collection="criteria.criteria" item="criterion" >
              <choose >
                <when test="criterion.noValue" >
                  and ${criterion.condition}
                </when>
                <when test="criterion.singleValue" >
                  and ${criterion.condition} #{criterion.value}
                </when>
                <when test="criterion.betweenValue" >
                  and ${criterion.condition} #{criterion.value} and #{criterion.secondValue}
                </when>
                <when test="criterion.listValue" >
                  and ${criterion.condition}
                  <foreach collection="criterion.value" item="listItem" open="(" close=")" separator="," >
                    #{listItem}
                  </foreach>
                </when>
              </choose>
            </foreach>
          </trim>
        </if>
      </foreach>
    </where>
  </sql>
  <sql id="Base_Column_List" >
    id, username, password, pic_small, pic_normal, nickname, qrcode, client_id, sign, 
    createtime, phone
  </sql>
  <select id="selectByExample" resultMap="BaseResultMap" parameterType="com.itheima.hchat.pojo.TbUserExample" >
    select
    <if test="distinct" >
      distinct
    </if>
    <include refid="Base_Column_List" />
    from tb_user
    <if test="_parameter != null" >
      <include refid="Example_Where_Clause" />
    </if>
    <if test="orderByClause != null" >
      order by ${orderByClause}
    </if>
  </select>
  <select id="selectByPrimaryKey" resultMap="BaseResultMap" parameterType="java.lang.String" >
    select 
    <include refid="Base_Column_List" />
    from tb_user
    where id = #{id,jdbcType=VARCHAR}
  </select>
  <delete id="deleteByPrimaryKey" parameterType="java.lang.String" >
    delete from tb_user
    where id = #{id,jdbcType=VARCHAR}
  </delete>
  <delete id="deleteByExample" parameterType="com.itheima.hchat.pojo.TbUserExample" >
    delete from tb_user
    <if test="_parameter != null" >
      <include refid="Example_Where_Clause" />
    </if>
  </delete>
  <insert id="insert" parameterType="com.itheima.hchat.pojo.TbUser" >
    insert into tb_user (id, username, password, 
      pic_small, pic_normal, nickname, 
      qrcode, client_id, sign, 
      createtime, phone)
    values (#{id,jdbcType=VARCHAR}, #{username,jdbcType=VARCHAR}, #{password,jdbcType=VARCHAR}, 
      #{picSmall,jdbcType=VARCHAR}, #{picNormal,jdbcType=VARCHAR}, #{nickname,jdbcType=VARCHAR}, 
      #{qrcode,jdbcType=VARCHAR}, #{clientId,jdbcType=VARCHAR}, #{sign,jdbcType=VARCHAR}, 
      #{createtime,jdbcType=DATE}, #{phone,jdbcType=VARCHAR})
  </insert>
  <insert id="insertSelective" parameterType="com.itheima.hchat.pojo.TbUser" >
    insert into tb_user
    <trim prefix="(" suffix=")" suffixOverrides="," >
      <if test="id != null" >
        id,
      </if>
      <if test="username != null" >
        username,
      </if>
      <if test="password != null" >
        password,
      </if>
      <if test="picSmall != null" >
        pic_small,
      </if>
      <if test="picNormal != null" >
        pic_normal,
      </if>
      <if test="nickname != null" >
        nickname,
      </if>
      <if test="qrcode != null" >
        qrcode,
      </if>
      <if test="clientId != null" >
        client_id,
      </if>
      <if test="sign != null" >
        sign,
      </if>
      <if test="createtime != null" >
        createtime,
      </if>
      <if test="phone != null" >
        phone,
      </if>
    </trim>
    <trim prefix="values (" suffix=")" suffixOverrides="," >
      <if test="id != null" >
        #{id,jdbcType=VARCHAR},
      </if>
      <if test="username != null" >
        #{username,jdbcType=VARCHAR},
      </if>
      <if test="password != null" >
        #{password,jdbcType=VARCHAR},
      </if>
      <if test="picSmall != null" >
        #{picSmall,jdbcType=VARCHAR},
      </if>
      <if test="picNormal != null" >
        #{picNormal,jdbcType=VARCHAR},
      </if>
      <if test="nickname != null" >
        #{nickname,jdbcType=VARCHAR},
      </if>
      <if test="qrcode != null" >
        #{qrcode,jdbcType=VARCHAR},
      </if>
      <if test="clientId != null" >
        #{clientId,jdbcType=VARCHAR},
      </if>
      <if test="sign != null" >
        #{sign,jdbcType=VARCHAR},
      </if>
      <if test="createtime != null" >
        #{createtime,jdbcType=DATE},
      </if>
      <if test="phone != null" >
        #{phone,jdbcType=VARCHAR},
      </if>
    </trim>
  </insert>
  <select id="countByExample" parameterType="com.itheima.hchat.pojo.TbUserExample" resultType="java.lang.Integer" >
    select count(*) from tb_user
    <if test="_parameter != null" >
      <include refid="Example_Where_Clause" />
    </if>
  </select>
  <update id="updateByExampleSelective" parameterType="map" >
    update tb_user
    <set >
      <if test="record.id != null" >
        id = #{record.id,jdbcType=VARCHAR},
      </if>
      <if test="record.username != null" >
        username = #{record.username,jdbcType=VARCHAR},
      </if>
      <if test="record.password != null" >
        password = #{record.password,jdbcType=VARCHAR},
      </if>
      <if test="record.picSmall != null" >
        pic_small = #{record.picSmall,jdbcType=VARCHAR},
      </if>
      <if test="record.picNormal != null" >
        pic_normal = #{record.picNormal,jdbcType=VARCHAR},
      </if>
      <if test="record.nickname != null" >
        nickname = #{record.nickname,jdbcType=VARCHAR},
      </if>
      <if test="record.qrcode != null" >
        qrcode = #{record.qrcode,jdbcType=VARCHAR},
      </if>
      <if test="record.clientId != null" >
        client_id = #{record.clientId,jdbcType=VARCHAR},
      </if>
      <if test="record.sign != null" >
        sign = #{record.sign,jdbcType=VARCHAR},
      </if>
      <if test="record.createtime != null" >
        createtime = #{record.createtime,jdbcType=DATE},
      </if>
      <if test="record.phone != null" >
        phone = #{record.phone,jdbcType=VARCHAR},
      </if>
    </set>
    <if test="_parameter != null" >
      <include refid="Update_By_Example_Where_Clause" />
    </if>
  </update>
  <update id="updateByExample" parameterType="map" >
    update tb_user
    set id = #{record.id,jdbcType=VARCHAR},
      username = #{record.username,jdbcType=VARCHAR},
      password = #{record.password,jdbcType=VARCHAR},
      pic_small = #{record.picSmall,jdbcType=VARCHAR},
      pic_normal = #{record.picNormal,jdbcType=VARCHAR},
      nickname = #{record.nickname,jdbcType=VARCHAR},
      qrcode = #{record.qrcode,jdbcType=VARCHAR},
      client_id = #{record.clientId,jdbcType=VARCHAR},
      sign = #{record.sign,jdbcType=VARCHAR},
      createtime = #{record.createtime,jdbcType=DATE},
      phone = #{record.phone,jdbcType=VARCHAR}
    <if test="_parameter != null" >
      <include refid="Update_By_Example_Where_Clause" />
    </if>
  </update>
  <update id="updateByPrimaryKeySelective" parameterType="com.itheima.hchat.pojo.TbUser" >
    update tb_user
    <set >
      <if test="username != null" >
        username = #{username,jdbcType=VARCHAR},
      </if>
      <if test="password != null" >
        password = #{password,jdbcType=VARCHAR},
      </if>
      <if test="picSmall != null" >
        pic_small = #{picSmall,jdbcType=VARCHAR},
      </if>
      <if test="picNormal != null" >
        pic_normal = #{picNormal,jdbcType=VARCHAR},
      </if>
      <if test="nickname != null" >
        nickname = #{nickname,jdbcType=VARCHAR},
      </if>
      <if test="qrcode != null" >
        qrcode = #{qrcode,jdbcType=VARCHAR},
      </if>
      <if test="clientId != null" >
        client_id = #{clientId,jdbcType=VARCHAR},
      </if>
      <if test="sign != null" >
        sign = #{sign,jdbcType=VARCHAR},
      </if>
      <if test="createtime != null" >
        createtime = #{createtime,jdbcType=DATE},
      </if>
      <if test="phone != null" >
        phone = #{phone,jdbcType=VARCHAR},
      </if>
    </set>
    where id = #{id,jdbcType=VARCHAR}
  </update>
  <update id="updateByPrimaryKey" parameterType="com.itheima.hchat.pojo.TbUser" >
    update tb_user
    set username = #{username,jdbcType=VARCHAR},
      password = #{password,jdbcType=VARCHAR},
      pic_small = #{picSmall,jdbcType=VARCHAR},
      pic_normal = #{picNormal,jdbcType=VARCHAR},
      nickname = #{nickname,jdbcType=VARCHAR},
      qrcode = #{qrcode,jdbcType=VARCHAR},
      client_id = #{clientId,jdbcType=VARCHAR},
      sign = #{sign,jdbcType=VARCHAR},
      createtime = #{createtime,jdbcType=DATE},
      phone = #{phone,jdbcType=VARCHAR}
    where id = #{id,jdbcType=VARCHAR}
  </update>
</mapper>